PDB,FcμR-D1_residue,IgM_residue,proportion
7YTE,Arg45,Glu468,1.0
7YTE,Arg45,Leu466,1.0
7YTE,Met52,Glu526,1.0
7YTE,Thr57,Arg467,1.0
7YTE,Gly59,Arg467,1.0
7YTE,Thr60,Arg467,1.0
7YTE,Thr60,Glu468,1.0
7YTE,Thr60,Leu466,1.0
7YTE,Ser63,Glu468,1.0
7YTE,Thr65,Arg451,0.5
7YTE,Thr65,Glu468,1.0
7YTE,Asn66,Arg514,1.0
7YTE,Phe67,Arg467,1.0
7YTE,Phe67,Glu468,1.0
7YTE,Phe67,Ser469,1.0
7YTE,Lys69,Glu526,1.0
7YTE,Glu71,Glu526,0.5
7YTE,Met108,Arg451,0.5
7YTE,Met108,Leu466,1.0
7YTE,Met108,Asp453,1.0
7YTE,Asn109,Asn465,1.0
7YTE,Thr110,Arg467,1.0
7YTE,Thr110,Leu466,1.0
7YTE,Thr110,Asn465,1.0
7YTE,Asp111,Arg467,1.0
7YTE,Thr65,Asp453,0.5
7YTE,Asn66,Ala511,0.5
7YTC,Arg45,Glu468,1.0
7YTC,Arg45,Leu466,1.0
7YTC,Thr57,Arg467,1.0
7YTC,Gly59,Glu526,1.0
7YTC,Thr60,Arg467,1.0
7YTC,Thr60,Leu466,1.0
7YTC,Ser63,Glu468,1.0
7YTC,Thr65,Glu468,1.0
7YTC,Thr65,Arg514,1.0
7YTC,Asn66,Arg514,1.0
7YTC,Asn66,Pro512,1.0
7YTC,Phe67,Arg467,1.0
7YTC,Phe67,Glu468,1.0
7YTC,Lys69,Glu526,1.0
7YTC,Gly107,Tyr576,1.0
7YTC,Met108,Arg451,1.0
7YTC,Met108,Asp453,1.0
7YTC,Asn109,Thr571,1.0
7YTC,Asn109,Tyr576,1.0
7YTC,Asn109,Asn465,1.0
7YTC,Thr110,Arg467,1.0
7YTC,Thr110,Leu466,1.0
7YTC,Thr110,Asn465,1.0
7YTC,Asp111,Arg467,1.0
7YTC,Asp111,Asn465,1.0
7YTC,Arg112,Thr571,1.0
7YTC,Arg112,Tyr576,1.0
7YTC,Arg112,Ala572,1.0
7YTD,Val44,Arg451,0.25
7YTD,Arg45,Glu468,0.5
7YTD,Arg45,Leu466,1.0
7YTD,Met52,Glu526,0.75
7YTD,Thr57,Arg467,0.75
7YTD,Gly59,Glu526,0.5
7YTD,Thr60,Arg467,1.0
7YTD,Thr60,Glu468,0.5
7YTD,Thr60,Leu466,1.0
7YTD,Ser63,Glu468,0.75
7YTD,Thr65,Glu468,1.0
7YTD,Thr65,Arg514,0.25
7YTD,Asn66,Gln510,0.5
7YTD,Asn66,Arg514,1.0
7YTD,Asn66,Ala511,1.0
7YTD,Asn66,Pro512,0.5
7YTD,Phe67,Glu468,1.0
7YTD,Phe67,Ser469,0.25
7YTD,Lys69,Ser524,0.25
7YTD,Lys73,Gln510,0.25
7YTD,Asn109,Asn465,1.0
7YTD,Thr110,Arg467,1.0
7YTD,Thr110,Leu466,1.0
7YTD,Thr110,Asn465,1.0
7YTD,Asp111,Arg467,0.5
7YTD,Arg112,Thr574,0.25
7YTD,Arg112,Thr571,0.25
7YTD,Arg112,Ala572,0.25
7YTD,Met42,Gln493,0.75
7YTD,His43,Gln493,0.25
7YTD,Val44,Gln493,0.5
7YTD,Val44,Arg491,0.75
7YTD,Lys69,Glu526,0.75
7YTD,Met108,Arg451,0.25
7YTD,Met108,Leu466,0.5
7YTD,Arg112,Gly531,0.25
7YTD,Met42,Leu495,0.25
7YTD,Met42,Gln490,0.5
7YTD,Met42,Pro494,0.25
7YTD,Gly107,Arg491,0.5
7YTD,Arg112,Thr530,0.25
7YTD,Met42,Arg491,0.25
7YTD,Arg45,Asn465,0.25
7YTD,Phe67,Arg467,0.25
7YSG,Met42,Gln493,0.5
7YSG,Met42,Pro494,0.25
7YSG,His43,Gln493,0.75
7YSG,Val44,Arg491,0.75
7YSG,Arg45,Glu468,0.75
7YSG,Arg45,Leu466,1.0
7YSG,Thr57,Arg467,1.0
7YSG,Thr60,Arg467,1.0
7YSG,Thr60,Glu468,1.0
7YSG,Thr60,Leu466,0.75
7YSG,Ser63,Glu468,0.75
7YSG,Thr65,Glu468,1.0
7YSG,Asn66,Arg514,0.75
7YSG,Asn66,Ala511,0.5
7YSG,Phe67,Arg467,1.0
7YSG,Phe67,Glu468,1.0
7YSG,Phe67,Glu525,0.25
7YSG,Lys69,Glu526,0.5
7YSG,Gly107,Arg491,0.75
7YSG,Met108,Arg451,0.25
7YSG,Met108,Leu466,0.75
7YSG,Asn109,Asn465,0.75
7YSG,Thr110,Arg467,1.0
7YSG,Thr110,Leu466,1.0
7YSG,Thr110,Asn465,0.75
7YSG,Asp111,Arg467,1.0
7YSG,Arg112,Gly531,0.5
7YSG,Thr65,His450,0.25
7YSG,Asp111,Ala572,0.25
7YSG,Arg112,Ala572,0.25
7YSG,Arg112,Ser569,0.25
7YSG,Arg112,Asp570,0.25
7YSG,Val44,Gln493,0.5
7YSG,Met52,Glu526,0.25
7YSG,Thr65,Arg514,0.25
7YSG,Asn66,His450,0.25
7YSG,Glu71,Glu526,0.25
7YSG,Met108,Asp453,0.25
7YSG,Arg112,Thr530,0.25
7YSG,Gly113,Arg491,0.25
7YSG,Met42,Arg491,0.25
7YSG,Met42,Gln490,0.25
7YSG,Cys58,Arg467,0.25
7YSG,Asn66,Pro512,0.25
7YSG,Phe67,Ser469,0.25
8BPE,Arg45,Glu468,0.75
8BPE,Arg45,Leu466,1.0
8BPE,Thr57,Arg467,1.0
8BPE,Thr60,Arg467,1.0
8BPE,Thr60,Glu468,0.625
8BPE,Thr60,Leu466,0.875
8BPE,Ser63,Glu468,0.75
8BPE,Thr65,His450,0.125
8BPE,Asn66,Arg514,1.0
8BPE,Phe67,Glu468,1.0
8BPE,Phe67,Ser469,0.125
8BPE,Lys69,Glu526,0.75
8BPE,Gly107,Tyr576,0.125
8BPE,Met108,Arg451,0.125
8BPE,Met108,Tyr576,0.125
8BPE,Asn109,Tyr576,0.125
8BPE,Asn109,Asn465,1.0
8BPE,Thr110,Arg467,1.0
8BPE,Thr110,Leu466,1.0
8BPE,Thr110,Asn465,0.625
8BPE,Asp111,Arg467,0.875
8BPE,Arg112,Ala572,0.125
8BPE,Arg112,Cys575,0.125
8BPE,Arg112,Thr574,0.125
8BPE,Arg112,Thr571,0.125
8BPE,Arg112,Tyr576,0.125
8BPE,Gly113,Tyr576,0.125
8BPE,Met42,Gln493,0.625
8BPE,Met42,Ser496,0.625
8BPE,Met42,Leu495,0.625
8BPE,Met42,Pro494,0.625
8BPE,His43,Arg491,0.75
8BPE,Val44,Arg451,0.125
8BPE,Val44,Gln493,0.625
8BPE,Thr57,Glu525,0.25
8BPE,Gly59,Arg467,0.375
8BPE,Gly59,Glu526,0.5
8BPE,Thr65,Glu468,0.875
8BPE,Phe67,Arg467,0.375
8BPE,Gly107,Arg491,0.5
8BPE,Met108,Leu466,0.875
8BPE,Arg112,Thr530,0.75
8BPE,Arg112,Glu532,0.625
8BPE,Arg112,Gly531,0.625
8BPE,Met52,Glu526,0.5
8BPE,Thr65,Arg514,0.25
8BPE,Phe67,Ser524,0.125
8BPE,Met42,Arg491,0.125
8BPE,Arg45,Arg467,0.25
8BPE,Met108,Arg491,0.125
8BPE,Asn109,Arg467,0.125
8BPE,Arg112,Thr533,0.125
8BPE,Arg112,Arg491,0.125
8BPE,Ser55,Thr571,0.125
8BPE,Gly56,Thr571,0.125
8BPE,Asn66,His450,0.125
8BPF,Arg45,Glu468,1.0
8BPF,Arg45,Leu466,1.0
8BPF,Thr57,Arg467,1.0
8BPF,Thr60,Arg467,1.0
8BPF,Thr60,Glu468,1.0
8BPF,Thr60,Leu466,1.0
8BPF,Ser63,Glu468,1.0
8BPF,Thr65,His450,1.0
8BPF,Asn66,Arg514,1.0
8BPF,Phe67,Arg467,1.0
8BPF,Phe67,Glu468,1.0
8BPF,Phe67,Ser469,1.0
8BPF,Lys69,Glu526,1.0
8BPF,Met108,Arg451,1.0
8BPF,Asn109,Tyr576,1.0
8BPF,Asn109,Asn465,1.0
8BPF,Thr110,Arg467,1.0
8BPF,Thr110,Leu466,1.0
8BPF,Thr110,Asn465,1.0
8BPF,Asp111,Arg467,1.0
8BPF,Arg112,Ala572,1.0
8BPF,Arg112,Cys575,1.0
8BPF,Arg112,Thr574,1.0
8BPF,Arg112,Thr571,1.0
8BPF,Arg112,Tyr576,1.0
8BPF,Gly113,Tyr576,1.0
8BPG,Met42,Gln493,1.0
8BPG,Met42,Ser496,1.0
8BPG,Met42,Leu495,1.0
8BPG,Met42,Pro494,1.0
8BPG,His43,Arg491,1.0
8BPG,Val44,Gln493,1.0
8BPG,Arg45,Glu468,1.0
8BPG,Arg45,Leu466,1.0
8BPG,Thr57,Arg467,1.0
8BPG,Thr57,Glu525,1.0
8BPG,Gly59,Arg467,1.0
8BPG,Gly59,Glu526,1.0
8BPG,Thr60,Arg467,1.0
8BPG,Thr60,Glu468,1.0
8BPG,Thr60,Leu466,1.0
8BPG,Ser63,Glu468,1.0
8BPG,Thr65,Glu468,1.0
8BPG,Asn66,Arg514,1.0
8BPG,Phe67,Arg467,1.0
8BPG,Phe67,Glu468,1.0
8BPG,Lys69,Glu526,1.0
8BPG,Gly107,Arg491,1.0
8BPG,Met108,Leu466,1.0
8BPG,Asn109,Asn465,1.0
8BPG,Thr110,Arg467,1.0
8BPG,Thr110,Leu466,1.0
8BPG,Thr110,Asn465,1.0
8BPG,Asp111,Arg467,1.0
8BPG,Arg112,Thr530,1.0
8BPG,Arg112,Glu532,1.0
8BPG,Arg112,Gly531,1.0
